Workbook

Sheet معلومات الطلاب
A1: نظام التحليل المدرسي الموحد - قاعدة بيانات الطلاب
A2: رقم الطالبة | B2: اسم الطالبة | C2: السنة الدراسية | D2: الصف الدراسي | E2: الفصل | F2: المادة | G2: اسم المعلمة | H2: القسم
A3: 1001 | B3: سارة أحمد المحمد | C3: 2025 - 2026 | D3: الخامس | E3: 1 | F3: رياضيات | G3: أ. نورة الغامدي | H3: عام
A4: 1002 | B4: نورة خالد العتيبي | C4: 2025 - 2026 | D4: الخامس | E4: 1 | F4: رياضيات | G4: أ. نورة الغامدي | H4: تحفيظ
A5: 1003 | B5: ريم عبد الله السبيعي | C5: 2025 - 2026 | D5: الخامس | E5: 1 | F5: رياضيات | G5: أ. نورة الغامدي | H5: تحفيظ
A6: 1004 | B6: شهد فهد القحطاني | C6: 2025 - 2026 | D6: الخامس | E6: 2 | F6: رياضيات | G6: أ. نورة الغامدي | H6: عام
A7: 1005 | B7: مريم علي الشهري | C7: 2025 - 2026 | D7: الخامس | E7: 2 | F7: رياضيات | G7: أ. نورة الغامدي | H7: تحفيظ
A8: 1006 | B8: أروى محمد الدوسري | C8: 2025 - 2026 | D8: السادس | E8: 1 | F8: علوم | G8: أ. مريم الشمري | H8: تحفيظ
A9: 1007 | B9: لجين حمد العبد الله | C9: 2025 - 2026 | D9: السادس | E9: 1 | F9: علوم | G9: أ. مريم الشمري | H9: تحفيظ
A10: 1008 | B10: جود سلطان العتيبي | C10: 2025 - 2026 | D10: السادس | E10: 1 | F10: علوم | G10: أ. مريم الشمري | H10: تحفيظ
A11: 1009 | B11: حلا يوسف المطر | C11: 2025 - 2026 | D11: السادس | E11: 2 | F11: علوم | G11: أ. مريم الشمري | H11: تحفيظ
A12: 1010 | B12: غادة إبراهيم الزهراني | C12: 2025 - 2026 | D12: السادس | E12: 2 | F12: علوم | G12: أ. مريم الشمري | H12: عام
A13: 1011 | B13: نوهان ثروت علي | C13: 2026 - 2026 | D13: السادس | E13: 2 | F13: علوم | G13: أ. مريم الشمري | H13: عام
A14: 1012 | B14: سلمى محمد على يوسف | C14: 2027 - 2026 | D14: السادس | E14: 1 | F14: لغتي | G14: أ. مريم الشمري | H14: عام

Sheet درجات الفصل الاول
A2: السجل الشامل لدرجات وحالة أداء الطالبات - الفصل الدراسي الأول
A3: رقم | B3: الطالبة | C3: الصف الدراسي | D3: الفصل | E3: المادة | F3: كويز 1 | G3: كويز 1 الكلي | H3: كويز 2 | I3: كويز 2 الكلي | J3: كويز 3 | K3: كويز 3 الكلي | L3: كويز 4 | M3: كويز 4 الكلي | N3: كويز 5 | O3: كويز 5 الكلي | P3: الفترة الأولى | Q3: الفترة الأولى الكلي | R3: الفترة الثانية | S3: الفترة الثانية الكلي | T3: اختبار التحسين | U3: اختبار التحسين الكلي | V3: اختبار نهاية الفصل | W3: اختبار نهاية الفصل الكلي | X3: المجموع المستحق | Y3: المجموع الكلي | Z3: النسبة المئوية | AA3: التقدير العام | AB3: حالة الخطة العلاجية | AC3: القسم
A4: ='معلومات الطلاب'!A3 -> 1001 | B4: ='معلومات الطلاب'!B3 -> سارة أحمد المحمد | C4: ='معلومات الطلاب'!D4 -> الخامس | D4: ='معلومات الطلاب'!E4 -> 1 | E4: ='معلومات الطلاب'!F4 -> رياضيات | F4: 4 | G4: 5 | H4: 3 | I4: 5 | J4: 5 | K4: 5 | L4: 4 | M4: 5 | N4: 0 | O4: 0 | P4: 19 | Q4: 20 | R4: 18 | S4: 20 | T4: 0 | U4: 0 | V4: 35 | W4: 40 | X4: =F4+H4+J4+L4+N4+P4+R4+T4+V4 -> 88 | Y4: =G4+I4+K4+M4+O4+Q4+S4+U4+W4 -> 100 | Z4: =X4/Y4 -> 0.88 | AA4: =IF(Z4>=0.9,"ممتاز",IF(Z4>=0.8,"جيد جداً",IF(Z4>=0.7,"جيد",IF(Z4>=0.6,"مقبول","ضعيف")))) -> جيد جداً | AB4: =IF(Z4<0.6,"متعثر",IF(Z4<0.8,"محتاج متابعة","لا يحتاج متابعة")) -> لا يحتاج متابعة | AC4: ='معلومات الطلاب'!H3 -> عام
A5: ='معلومات الطلاب'!A4 -> 1002 | B5: ='معلومات الطلاب'!B4 -> نورة خالد العتيبي | C5: ='معلومات الطلاب'!D5 -> الخامس | D5: ='معلومات الطلاب'!E5 -> 1 | E5: ='معلومات الطلاب'!F5 -> رياضيات | F5: 3 | G5: 5 | H5: 3 | I5: 5 | J5: 5 | K5: 5 | L5: 5 | M5: 5 | N5: 0 | O5: 0 | P5: 15 | Q5: 20 | R5: 13 | S5: 20 | T5: 0 | U5: 0 | V5: 33 | W5: 40 | X5: =F5+H5+J5+L5+N5+P5+R5+T5+V5 -> 77 | Y5: =G5+I5+K5+M5+O5+Q5+S5+U5+W5 -> 100 | Z5: =X5/Y5 -> 0.77 | AA5: =IF(Z5>=0.9,"ممتاز",IF(Z5>=0.8,"جيد جداً",IF(Z5>=0.7,"جيد",IF(Z5>=0.6,"مقبول","ضعيف")))) -> جيد | AB5: =IF(Z5<0.6,"متعثر",IF(Z5<0.8,"محتاج متابعة","لا يحتاج متابعة")) -> محتاج متابعة | AC5: ='معلومات الطلاب'!H4 -> تحفيظ
A6: ='معلومات الطلاب'!A5 -> 1003 | B6: ='معلومات الطلاب'!B5 -> ريم عبد الله السبيعي | C6: ='معلومات الطلاب'!D6 -> الخامس | D6: ='معلومات الطلاب'!E6 -> 2 | E6: ='معلومات الطلاب'!F6 -> رياضيات | F6: 1 | G6: 5 | H6: 3 | I6: 5 | J6: 2 | K6: 5 | L6: 2 | M6: 5 | N6: 0 | O6: 0 | P6: 8 | Q6: 20 | R6: 15 | S6: 20 | T6: 0 | U6: 0 | V6: 15 | W6: 40 | X6: =F6+H6+J6+L6+N6+P6+R6+T6+V6 -> 46 | Y6: =G6+I6+K6+M6+O6+Q6+S6+U6+W6 -> 100 | Z6: =X6/Y6 -> 0.46 | AA6: =IF(Z6>=0.9,"ممتاز",IF(Z6>=0.8,"جيد جداً",IF(Z6>=0.7,"جيد",IF(Z6>=0.6,"مقبول","ضعيف")))) -> ضعيف | AB6: =IF(Z6<0.6,"متعثر",IF(Z6<0.8,"محتاج متابعة","لا يحتاج متابعة")) -> متعثر | AC6: ='معلومات الطلاب'!H5 -> تحفيظ
A7: ='معلومات الطلاب'!A6 -> 1004 | B7: ='معلومات الطلاب'!B6 -> شهد فهد القحطاني | C7: ='معلومات الطلاب'!D7 -> الخامس | D7: ='معلومات الطلاب'!E7 -> 2 | E7: ='معلومات الطلاب'!F7 -> رياضيات | F7: 5 | G7: 5 | H7: 3 | I7: 5 | J7: 2 | K7: 5 | L7: 2 | M7: 5 | N7: 0 | O7: 0 | P7: 4 | Q7: 20 | R7: 10 | S7: 20 | T7: 0 | U7: 0 | V7: 33 | W7: 40 | X7: =F7+H7+J7+L7+N7+P7+R7+T7+V7 -> 59 | Y7: =G7+I7+K7+M7+O7+Q7+S7+U7+W7 -> 100 | Z7: =X7/Y7 -> 0.59 | AA7: =IF(Z7>=0.9,"ممتاز",IF(Z7>=0.8,"جيد جداً",IF(Z7>=0.7,"جيد",IF(Z7>=0.6,"مقبول","ضعيف")))) -> ضعيف | AB7: =IF(Z7<0.6,"متعثر",IF(Z7<0.8,"محتاج متابعة","لا يحتاج متابعة")) -> متعثر | AC7: ='معلومات الطلاب'!H6 -> عام
A8: ='معلومات الطلاب'!A7 -> 1005 | B8: ='معلومات الطلاب'!B7 -> مريم علي الشهري | C8: ='معلومات الطلاب'!D8 -> السادس | D8: ='معلومات الطلاب'!E8 -> 1 | E8: ='معلومات الطلاب'!F8 -> علوم | F8: 3 | G8: 5 | H8: 3 | I8: 5 | J8: 1 | K8: 5 | L8: 2 | M8: 5 | N8: 0 | O8: 0 | P8: 13 | Q8: 20 | R8: 18 | S8: 20 | T8: 0 | U8: 0 | V8: 33 | W8: 40 | X8: =F8+H8+J8+L8+N8+P8+R8+T8+V8 -> 73 | Y8: =G8+I8+K8+M8+O8+Q8+S8+U8+W8 -> 100 | Z8: =X8/Y8 -> 0.73 | AA8: =IF(Z8>=0.9,"ممتاز",IF(Z8>=0.8,"جيد جداً",IF(Z8>=0.7,"جيد",IF(Z8>=0.6,"مقبول","ضعيف")))) -> جيد | AB8: =IF(Z8<0.6,"متعثر",IF(Z8<0.8,"محتاج متابعة","لا يحتاج متابعة")) -> محتاج متابعة | AC8: ='معلومات الطلاب'!H7 -> تحفيظ
A9: ='معلومات الطلاب'!A8 -> 1006 | B9: ='معلومات الطلاب'!B8 -> أروى محمد الدوسري | C9: ='معلومات الطلاب'!D9 -> السادس | D9: ='معلومات الطلاب'!E9 -> 1 | E9: ='معلومات الطلاب'!F9 -> علوم | F9: 1 | G9: 5 | H9: 3 | I9: 5 | J9: 3 | K9: 5 | L9: 2 | M9: 5 | N9: 0 | O9: 0 | P9: 18 | Q9: 20 | R9: 5 | S9: 20 | T9: 0 | U9: 0 | V9: 33 | W9: 40 | X9: =F9+H9+J9+L9+N9+P9+R9+T9+V9 -> 65 | Y9: =G9+I9+K9+M9+O9+Q9+S9+U9+W9 -> 100 | Z9: =X9/Y9 -> 0.65 | AA9: =IF(Z9>=0.9,"ممتاز",IF(Z9>=0.8,"جيد جداً",IF(Z9>=0.7,"جيد",IF(Z9>=0.6,"مقبول","ضعيف")))) -> مقبول | AB9: =IF(Z9<0.6,"متعثر",IF(Z9<0.8,"محتاج متابعة","لا يحتاج متابعة")) -> محتاج متابعة | AC9: ='معلومات الطلاب'!H8 -> تحفيظ
A10: ='معلومات الطلاب'!A9 -> 1007 | B10: ='معلومات الطلاب'!B9 -> لجين حمد العبد الله | C10: ='معلومات الطلاب'!D10 -> السادس | D10: ='معلومات الطلاب'!E10 -> 1 | E10: ='معلومات الطلاب'!F10 -> علوم | F10: 1 | G10: 5 | H10: 3 | I10: 5 | J10: 3 | K10: 5 | L10: 2 | M10: 5 | N10: 0 | O10: 0 | P10: 16 | Q10: 20 | R10: 11 | S10: 20 | T10: 0 | U10: 0 | V10: 33 | W10: 40 | X10: =F10+H10+J10+L10+N10+P10+R10+T10+V10 -> 69 | Y10: =G10+I10+K10+M10+O10+Q10+S10+U10+W10 -> 100 | Z10: =X10/Y10 -> 0.69 | AA10: =IF(Z10>=0.9,"ممتاز",IF(Z10>=0.8,"جيد جداً",IF(Z10>=0.7,"جيد",IF(Z10>=0.6,"مقبول","ضعيف")))) -> مقبول | AB10: =IF(Z10<0.6,"متعثر",IF(Z10<0.8,"محتاج متابعة","لا يحتاج متابعة")) -> محتاج متابعة | AC10: ='معلومات الطلاب'!H9 -> تحفيظ
A11: ='معلومات الطلاب'!A10 -> 1008 | B11: ='معلومات الطلاب'!B10 -> جود سلطان العتيبي | C11: ='معلومات الطلاب'!D11 -> السادس | D11: ='معلومات الطلاب'!E11 -> 2 | E11: ='معلومات الطلاب'!F11 -> علوم | F11: 4 | G11: 5 | H11: 3 | I11: 5 | J11: 3 | K11: 5 | L11: 2 | M11: 5 | N11: 0 | O11: 0 | P11: 3 | Q11: 20 | R11: 20 | S11: 20 | T11: 0 | U11: 0 | V11: 33 | W11: 40 | X11: =F11+H11+J11+L11+N11+P11+R11+T11+V11 -> 68 | Y11: =G11+I11+K11+M11+O11+Q11+S11+U11+W11 -> 100 | Z11: =X11/Y11 -> 0.68 | AA11: =IF(Z11>=0.9,"ممتاز",IF(Z11>=0.8,"جيد جداً",IF(Z11>=0.7,"جيد",IF(Z11>=0.6,"مقبول","ضعيف")))) -> مقبول | AB11: =IF(Z11<0.6,"متعثر",IF(Z11<0.8,"محتاج متابعة","لا يحتاج متابعة")) -> محتاج متابعة | AC11: ='معلومات الطلاب'!H10 -> تحفيظ
A12: ='معلومات الطلاب'!A11 -> 1009 | B12: ='معلومات الطلاب'!B11 -> حلا يوسف المطر | C12: ='معلومات الطلاب'!D12 -> السادس | D12: ='معلومات الطلاب'!E12 -> 2 | E12: ='معلومات الطلاب'!F12 -> علوم | F12: 2 | G12: 5 | H12: 3 | I12: 5 | J12: 3 | K12: 5 | L12: 2 | M12: 5 | N12: 0 | O12: 0 | P12: 6 | Q12: 20 | R12: 13 | S12: 20 | T12: 0 | U12: 0 | V12: 33 | W12: 40 | X12: =F12+H12+J12+L12+N12+P12+R12+T12+V12 -> 62 | Y12: =G12+I12+K12+M12+O12+Q12+S12+U12+W12 -> 100 | Z12: =X12/Y12 -> 0.62 | AA12: =IF(Z12>=0.9,"ممتاز",IF(Z12>=0.8,"جيد جداً",IF(Z12>=0.7,"جيد",IF(Z12>=0.6,"مقبول","ضعيف")))) -> مقبول | AB12: =IF(Z12<0.6,"متعثر",IF(Z12<0.8,"محتاج متابعة","لا يحتاج متابعة")) -> محتاج متابعة | AC12: ='معلومات الطلاب'!H11 -> تحفيظ
A13: ='معلومات الطلاب'!A12 -> 1010 | B13: ='معلومات الطلاب'!B12 -> غادة إبراهيم الزهراني | C13: ='معلومات الطلاب'!D13 -> السادس | D13: ='معلومات الطلاب'!E13 -> 2 | E13: ='معلومات الطلاب'!F13 -> علوم | F13: 5 | G13: 5 | H13: 3 | I13: 5 | J13: 3 | K13: 5 | L13: 2 | M13: 5 | N13: 0 | O13: 0 | P13: 11 | Q13: 20 | R13: 15 | S13: 20 | T13: 0 | U13: 0 | V13: 33 | W13: 40 | X13: =F13+H13+J13+L13+N13+P13+R13+T13+V13 -> 72 | Y13: =G13+I13+K13+M13+O13+Q13+S13+U13+W13 -> 100 | Z13: =X13/Y13 -> 0.72 | AA13: =IF(Z13>=0.9,"ممتاز",IF(Z13>=0.8,"جيد جداً",IF(Z13>=0.7,"جيد",IF(Z13>=0.6,"مقبول","ضعيف")))) -> جيد | AB13: =IF(Z13<0.6,"متعثر",IF(Z13<0.8,"محتاج متابعة","لا يحتاج متابعة")) -> محتاج متابعة | AC13: ='معلومات الطلاب'!H12 -> عام
A14: ='معلومات الطلاب'!A13 -> 1011 | B14: ='معلومات الطلاب'!B13 -> نوهان ثروت علي | C14: ='معلومات الطلاب'!D14 -> السادس | D14: ='معلومات الطلاب'!E14 -> 1 | E14: ='معلومات الطلاب'!F14 -> لغتي | F14: 5 | G14: 5 | H14: 3 | I14: 5 | J14: 3 | K14: 5 | L14: 2 | M14: 5 | N14: 0 | O14: 0 | P14: 11 | Q14: 20 | R14: 15 | S14: 20 | T14: 0 | U14: 0 | V14: 33 | W14: 40 | X14: =F14+H14+J14+L14+N14+P14+R14+T14+V14 -> 72 | Y14: =G14+I14+K14+M14+O14+Q14+S14+U14+W14 -> 100 | Z14: =X14/Y14 -> 0.72 | AA14: =IF(Z14>=0.9,"ممتاز",IF(Z14>=0.8,"جيد جداً",IF(Z14>=0.7,"جيد",IF(Z14>=0.6,"مقبول","ضعيف")))) -> جيد | AB14: =IF(Z14<0.6,"متعثر",IF(Z14<0.8,"محتاج متابعة","لا يحتاج متابعة")) -> محتاج متابعة | AC14: ='معلومات الطلاب'!H13 -> عام
A15: ='معلومات الطلاب'!A14 -> 1012 | B15: ='معلومات الطلاب'!B14 -> سلمى محمد على يوسف | AC15: ='معلومات الطلاب'!H14 -> عام
AC16: ='معلومات الطلاب'!H15 -> 0
AC17: ='معلومات الطلاب'!H16 -> 0
AC18: ='معلومات الطلاب'!H17 -> 0
AC19: ='معلومات الطلاب'!H18 -> 0
AC20: ='معلومات الطلاب'!H19 -> 0
AC21: ='معلومات الطلاب'!H20 -> 0
AC22: ='معلومات الطلاب'!H21 -> 0
AC23: ='معلومات الطلاب'!H22 -> 0
AC24: ='معلومات الطلاب'!H23 -> 0
AC25: ='معلومات الطلاب'!H24 -> 0
AC26: ='معلومات الطلاب'!H25 -> 0
AC27: ='معلومات الطلاب'!H26 -> 0
... AC411: ='معلومات الطلاب'!H410 -> 0

Sheet درجات الفصل الثاني
A2: السجل الشامل لدرجات وحالة أداء الطالبات - الفصل الدراسي الثاني
A3: رقم | B3: الطالبة | C3: الصف الدراسي | D3: الفصل | E3: المادة | F3: كويز 1 | G3: كويز 1 الكلي | H3: كويز 2 | I3: كويز 2 الكلي | J3: كويز 3 | K3: كويز 3 الكلي | L3: كويز 4 | M3: كويز 4 الكلي | N3: كويز 5 | O3: كويز 5 الكلي | P3: الفترة الأولى | Q3: الفترة الأولى الكلي | R3: الفترة الثانية | S3: الفترة الثانية الكلي | T3: اختبار التحسين | U3: اختبار التحسين الكلي | V3: اختبار نهاية الفصل | W3: اختبار نهاية الفصل الكلي | X3: المجموع المستحق | Y3: المجموع الكلي | Z3: النسبة المئوية | AA3: التقدير العام | AB3: حالة الخطة العلاجية | AC3: القسم
A4: ='معلومات الطلاب'!A3 -> 1001 | B4: ='معلومات الطلاب'!B3 -> سارة أحمد المحمد | C4: ='معلومات الطلاب'!D3 -> الخامس | D4: ='معلومات الطلاب'!E3 -> 1 | E4: ='معلومات الطلاب'!F3 -> رياضيات | F4: 1 | G4: 5 | H4: 2 | I4: 5 | J4: 2 | K4: 5 | L4: 5 | M4: 5 | N4: 0 | O4: 0 | P4: 19 | Q4: 20 | R4: 18 | S4: 20 | T4: 0 | U4: 0 | V4: 40 | W4: 40 | X4: =F4+H4+J4+L4+N4+P4+R4+T4+V4 -> 87 | Y4: =G4+I4+K4+M4+O4+Q4+S4+U4+W4 -> 100 | Z4: =X4/Y4 -> 0.87 | AA4: =IF(Z4>=0.9,"ممتاز",IF(Z4>=0.8,"جيد جداً",IF(Z4>=0.7,"جيد",IF(Z4>=0.6,"مقبول","ضعيف")))) -> جيد جداً | AB4: =IF(Z4<0.6,"متعثر",IF(Z4<0.8,"محتاج متابعة","لا يحتاج متابعة")) -> لا يحتاج متابعة | AC4: ='معلومات الطلاب'!H4 -> تحفيظ
A5: ='معلومات الطلاب'!A4 -> 1002 | B5: ='معلومات الطلاب'!B4 -> نورة خالد العتيبي | C5: ='معلومات الطلاب'!D4 -> الخامس | D5: ='معلومات الطلاب'!E4 -> 1 | E5: ='معلومات الطلاب'!F4 -> رياضيات | F5: 4 | G5: 5 | H5: 4 | I5: 5 | J5: 3 | K5: 5 | L5: 5 | M5: 5 | N5: 0 | O5: 0 | P5: 15 | Q5: 20 | R5: 15 | S5: 20 | T5: 0 | U5: 0 | V5: 40 | W5: 40 | X5: =F5+H5+J5+L5+N5+P5+R5+T5+V5 -> 86 | Y5: =G5+I5+K5+M5+O5+Q5+S5+U5+W5 -> 100 | Z5: =X5/Y5 -> 0.86 | AA5: =IF(Z5>=0.9,"ممتاز",IF(Z5>=0.8,"جيد جداً",IF(Z5>=0.7,"جيد",IF(Z5>=0.6,"مقبول","ضعيف")))) -> جيد جداً | AB5: =IF(Z5<0.6,"متعثر",IF(Z5<0.8,"محتاج متابعة","لا يحتاج متابعة")) -> لا يحتاج متابعة | AC5: ='معلومات الطلاب'!H5 -> تحفيظ
A6: ='معلومات الطلاب'!A5 -> 1003 | B6: ='معلومات الطلاب'!B5 -> ريم عبد الله السبيعي | C6: ='معلومات الطلاب'!D5 -> الخامس | D6: ='معلومات الطلاب'!E5 -> 1 | E6: ='معلومات الطلاب'!F5 -> رياضيات | F6: 5 | G6: 5 | H6: 5 | I6: 5 | J6: 3 | K6: 5 | L6: 4 | M6: 5 | N6: 0 | O6: 0 | P6: 16 | Q6: 20 | R6: 15 | S6: 20 | T6: 0 | U6: 0 | V6: 40 | W6: 40 | X6: =F6+H6+J6+L6+N6+P6+R6+T6+V6 -> 88 | Y6: =G6+I6+K6+M6+O6+Q6+S6+U6+W6 -> 100 | Z6: =X6/Y6 -> 0.88 | AA6: =IF(Z6>=0.9,"ممتاز",IF(Z6>=0.8,"جيد جداً",IF(Z6>=0.7,"جيد",IF(Z6>=0.6,"مقبول","ضعيف")))) -> جيد جداً | AB6: =IF(Z6<0.6,"متعثر",IF(Z6<0.8,"محتاج متابعة","لا يحتاج متابعة")) -> لا يحتاج متابعة | AC6: ='معلومات الطلاب'!H6 -> عام
A7: ='معلومات الطلاب'!A6 -> 1004 | B7: ='معلومات الطلاب'!B6 -> شهد فهد القحطاني | C7: ='معلومات الطلاب'!D6 -> الخامس | D7: ='معلومات الطلاب'!E6 -> 2 | E7: ='معلومات الطلاب'!F6 -> رياضيات | F7: 5 | G7: 5 | H7: 5 | I7: 5 | J7: 4 | K7: 5 | L7: 3 | M7: 5 | N7: 0 | O7: 0 | P7: 4 | Q7: 20 | R7: 10 | S7: 20 | T7: 0 | U7: 0 | V7: 40 | W7: 40 | X7: =F7+H7+J7+L7+N7+P7+R7+T7+V7 -> 71 | Y7: =G7+I7+K7+M7+O7+Q7+S7+U7+W7 -> 100 | Z7: =X7/Y7 -> 0.71 | AA7: =IF(Z7>=0.9,"ممتاز",IF(Z7>=0.8,"جيد جداً",IF(Z7>=0.7,"جيد",IF(Z7>=0.6,"مقبول","ضعيف")))) -> جيد | AB7: =IF(Z7<0.6,"متعثر",IF(Z7<0.8,"محتاج متابعة","لا يحتاج متابعة")) -> محتاج متابعة | AC7: ='معلومات الطلاب'!H7 -> تحفيظ
A8: ='معلومات الطلاب'!A7 -> 1005 | B8: ='معلومات الطلاب'!B7 -> مريم علي الشهري | C8: ='معلومات الطلاب'!D7 -> الخامس | D8: ='معلومات الطلاب'!E7 -> 2 | E8: ='معلومات الطلاب'!F7 -> رياضيات | F8: 2 | G8: 5 | H8: 2 | I8: 5 | J8: 1 | K8: 5 | L8: 3 | M8: 5 | N8: 0 | O8: 0 | P8: 13 | Q8: 20 | R8: 18 | S8: 20 | T8: 0 | U8: 0 | V8: 40 | W8: 40 | X8: =F8+H8+J8+L8+N8+P8+R8+T8+V8 -> 79 | Y8: =G8+I8+K8+M8+O8+Q8+S8+U8+W8 -> 100 | Z8: =X8/Y8 -> 0.79 | AA8: =IF(Z8>=0.9,"ممتاز",IF(Z8>=0.8,"جيد جداً",IF(Z8>=0.7,"جيد",IF(Z8>=0.6,"مقبول","ضعيف")))) -> جيد | AB8: =IF(Z8<0.6,"متعثر",IF(Z8<0.8,"محتاج متابعة","لا يحتاج متابعة")) -> محتاج متابعة | AC8: ='معلومات الطلاب'!H8 -> تحفيظ
A9: ='معلومات الطلاب'!A8 -> 1006 | B9: ='معلومات الطلاب'!B8 -> أروى محمد الدوسري | C9: ='معلومات الطلاب'!D8 -> السادس | D9: ='معلومات الطلاب'!E8 -> 1 | E9: ='معلومات الطلاب'!F8 -> علوم | F9: 1 | G9: 5 | H9: 5 | I9: 5 | J9: 3 | K9: 5 | L9: 3 | M9: 5 | N9: 0 | O9: 0 | P9: 18 | Q9: 20 | R9: 5 | S9: 20 | T9: 0 | U9: 0 | V9: 40 | W9: 40 | X9: =F9+H9+J9+L9+N9+P9+R9+T9+V9 -> 75 | Y9: =G9+I9+K9+M9+O9+Q9+S9+U9+W9 -> 100 | Z9: =X9/Y9 -> 0.75 | AA9: =IF(Z9>=0.9,"ممتاز",IF(Z9>=0.8,"جيد جداً",IF(Z9>=0.7,"جيد",IF(Z9>=0.6,"مقبول","ضعيف")))) -> جيد | AB9: =IF(Z9<0.6,"متعثر",IF(Z9<0.8,"محتاج متابعة","لا يحتاج متابعة")) -> محتاج متابعة | AC9: ='معلومات الطلاب'!H9 -> تحفيظ
A10: ='معلومات الطلاب'!A9 -> 1007 | B10: ='معلومات الطلاب'!B9 -> لجين حمد العبد الله | C10: ='معلومات الطلاب'!D9 -> السادس | D10: ='معلومات الطلاب'!E9 -> 1 | E10: ='معلومات الطلاب'!F9 -> علوم | F10: 1 | G10: 5 | H10: 2 | I10: 5 | J10: 4 | K10: 5 | L10: 3 | M10: 5 | N10: 0 | O10: 0 | P10: 16 | Q10: 20 | R10: 11 | S10: 20 | T10: 0 | U10: 0 | V10: 40 | W10: 40 | X10: =F10+H10+J10+L10+N10+P10+R10+T10+V10 -> 77 | Y10: =G10+I10+K10+M10+O10+Q10+S10+U10+W10 -> 100 | Z10: =X10/Y10 -> 0.77 | AA10: =IF(Z10>=0.9,"ممتاز",IF(Z10>=0.8,"جيد جداً",IF(Z10>=0.7,"جيد",IF(Z10>=0.6,"مقبول","ضعيف")))) -> جيد | AB10: =IF(Z10<0.6,"متعثر",IF(Z10<0.8,"محتاج متابعة","لا يحتاج متابعة")) -> محتاج متابعة | AC10: ='معلومات الطلاب'!H10 -> تحفيظ
A11: ='معلومات الطلاب'!A10 -> 1008 | B11: ='معلومات الطلاب'!B10 -> جود سلطان العتيبي | C11: ='معلومات الطلاب'!D10 -> السادس | D11: ='معلومات الطلاب'!E10 -> 1 | E11: ='معلومات الطلاب'!F10 -> علوم | F11: 2 | G11: 5 | H11: 4 | I11: 5 | J11: 2 | K11: 5 | L11: 3 | M11: 5 | N11: 0 | O11: 0 | P11: 3 | Q11: 20 | R11: 20 | S11: 20 | T11: 0 | U11: 0 | V11: 40 | W11: 40 | X11: =F11+H11+J11+L11+N11+P11+R11+T11+V11 -> 74 | Y11: =G11+I11+K11+M11+O11+Q11+S11+U11+W11 -> 100 | Z11: =X11/Y11 -> 0.74 | AA11: =IF(Z11>=0.9,"ممتاز",IF(Z11>=0.8,"جيد جداً",IF(Z11>=0.7,"جيد",IF(Z11>=0.6,"مقبول","ضعيف")))) -> جيد | AB11: =IF(Z11<0.6,"متعثر",IF(Z11<0.8,"محتاج متابعة","لا يحتاج متابعة")) -> محتاج متابعة | AC11: ='معلومات الطلاب'!H11 -> تحفيظ
A12: ='معلومات الطلاب'!A11 -> 1009 | B12: ='معلومات الطلاب'!B11 -> حلا يوسف المطر | C12: ='معلومات الطلاب'!D11 -> السادس | D12: ='معلومات الطلاب'!E11 -> 2 | E12: ='معلومات الطلاب'!F11 -> علوم | F12: 5 | G12: 5 | H12: 1 | I12: 5 | J12: 5 | K12: 5 | L12: 3 | M12: 5 | N12: 0 | O12: 0 | P12: 6 | Q12: 20 | R12: 13 | S12: 20 | T12: 0 | U12: 0 | V12: 40 | W12: 40 | X12: =F12+H12+J12+L12+N12+P12+R12+T12+V12 -> 73 | Y12: =G12+I12+K12+M12+O12+Q12+S12+U12+W12 -> 100 | Z12: =X12/Y12 -> 0.73 | AA12: =IF(Z12>=0.9,"ممتاز",IF(Z12>=0.8,"جيد جداً",IF(Z12>=0.7,"جيد",IF(Z12>=0.6,"مقبول","ضعيف")))) -> جيد | AB12: =IF(Z12<0.6,"متعثر",IF(Z12<0.8,"محتاج متابعة","لا يحتاج متابعة")) -> محتاج متابعة | AC12: ='معلومات الطلاب'!H12 -> عام
A13: ='معلومات الطلاب'!A12 -> 1010 | B13: ='معلومات الطلاب'!B12 -> غادة إبراهيم الزهراني | C13: ='معلومات الطلاب'!D12 -> السادس | D13: ='معلومات الطلاب'!E12 -> 2 | E13: ='معلومات الطلاب'!F12 -> علوم | F13: 3 | G13: 5 | H13: 1 | I13: 5 | J13: 5 | K13: 5 | L13: 3 | M13: 5 | N13: 0 | O13: 0 | P13: 11 | Q13: 20 | R13: 15 | S13: 20 | T13: 0 | U13: 0 | V13: 40 | W13: 40 | X13: =F13+H13+J13+L13+N13+P13+R13+T13+V13 -> 78 | Y13: =G13+I13+K13+M13+O13+Q13+S13+U13+W13 -> 100 | Z13: =X13/Y13 -> 0.78 | AA13: =IF(Z13>=0.9,"ممتاز",IF(Z13>=0.8,"جيد جداً",IF(Z13>=0.7,"جيد",IF(Z13>=0.6,"مقبول","ضعيف")))) -> جيد | AB13: =IF(Z13<0.6,"متعثر",IF(Z13<0.8,"محتاج متابعة","لا يحتاج متابعة")) -> محتاج متابعة | AC13: ='معلومات الطلاب'!H13 -> عام
A14: ='معلومات الطلاب'!A13 -> 1011 | B14: ='معلومات الطلاب'!B13 -> نوهان ثروت علي | C14: ='معلومات الطلاب'!D13 -> السادس | D14: ='معلومات الطلاب'!E13 -> 2 | E14: ='معلومات الطلاب'!F13 -> علوم | AC14: ='معلومات الطلاب'!H14 -> عام
A15: ='معلومات الطلاب'!A14 -> 1012 | B15: ='معلومات الطلاب'!B14 -> سلمى محمد على يوسف | C15: ='معلومات الطلاب'!D14 -> السادس | D15: ='معلومات الطلاب'!E14 -> 1 | E15: ='معلومات الطلاب'!F14 -> لغتي | AC15: ='معلومات الطلاب'!H15 -> 0
A16: ='معلومات الطلاب'!A16 -> 0 | B16: ='معلومات الطلاب'!B16 -> 0 | C16: ='معلومات الطلاب'!D16 -> 0 | D16: ='معلومات الطلاب'!E16 -> 0 | E16: ='معلومات الطلاب'!F16 -> 0 | AC16: ='معلومات الطلاب'!H16 -> 0
A17: ='معلومات الطلاب'!A17 -> 0 | B17: ='معلومات الطلاب'!B17 -> 0 | C17: ='معلومات الطلاب'!D17 -> 0 | D17: ='معلومات الطلاب'!E17 -> 0 | E17: ='معلومات الطلاب'!F17 -> 0 | AC17: ='معلومات الطلاب'!H17 -> 0
A18: ='معلومات الطلاب'!A18 -> 0 | B18: ='معلومات الطلاب'!B18 -> 0 | C18: ='معلومات الطلاب'!D18 -> 0 | D18: ='معلومات الطلاب'!E18 -> 0 | E18: ='معلومات الطلاب'!F18 -> 0 | AC18: ='معلومات الطلاب'!H18 -> 0
A19: ='معلومات الطلاب'!A19 -> 0 | B19: ='معلومات الطلاب'!B19 -> 0 | C19: ='معلومات الطلاب'!D19 -> 0 | D19: ='معلومات الطلاب'!E19 -> 0 | E19: ='معلومات الطلاب'!F19 -> 0 | AC19: ='معلومات الطلاب'!H19 -> 0
A20: ='معلومات الطلاب'!A20 -> 0 | B20: ='معلومات الطلاب'!B20 -> 0 | C20: ='معلومات الطلاب'!D20 -> 0 | D20: ='معلومات الطلاب'!E20 -> 0 | E20: ='معلومات الطلاب'!F20 -> 0 | AC20: ='معلومات الطلاب'!H20 -> 0
A21: ='معلومات الطلاب'!A21 -> 0 | B21: ='معلومات الطلاب'!B21 -> 0 | C21: ='معلومات الطلاب'!D21 -> 0 | D21: ='معلومات الطلاب'!E21 -> 0 | E21: ='معلومات الطلاب'!F21 -> 0 | AC21: ='معلومات الطلاب'!H21 -> 0
A22: ='معلومات الطلاب'!A22 -> 0 | B22: ='معلومات الطلاب'!B22 -> 0 | C22: ='معلومات الطلاب'!D22 -> 0 | D22: ='معلومات الطلاب'!E22 -> 0 | E22: ='معلومات الطلاب'!F22 -> 0 | AC22: ='معلومات الطلاب'!H22 -> 0
A23: ='معلومات الطلاب'!A23 -> 0 | B23: ='معلومات الطلاب'!B23 -> 0 | C23: ='معلومات الطلاب'!D23 -> 0 | D23: ='معلومات الطلاب'!E23 -> 0 | E23: ='معلومات الطلاب'!F23 -> 0 | AC23: ='معلومات الطلاب'!H23 -> 0
A24: ='معلومات الطلاب'!A24 -> 0 | B24: ='معلومات الطلاب'!B24 -> 0 | C24: ='معلومات الطلاب'!D24 -> 0 | D24: ='معلومات الطلاب'!E24 -> 0 | E24: ='معلومات الطلاب'!F24 -> 0 | AC24: ='معلومات الطلاب'!H24 -> 0
A25: ='معلومات الطلاب'!A25 -> 0 | B25: ='معلومات الطلاب'!B25 -> 0 | C25: ='معلومات الطلاب'!D25 -> 0 | D25: ='معلومات الطلاب'!E25 -> 0 | E25: ='معلومات الطلاب'!F25 -> 0 | AC25: ='معلومات الطلاب'!H25 -> 0
A26: ='معلومات الطلاب'!A26 -> 0 | B26: ='معلومات الطلاب'!B26 -> 0 | C26: ='معلومات الطلاب'!D26 -> 0 | D26: ='معلومات الطلاب'!E26 -> 0 | E26: ='معلومات الطلاب'!F26 -> 0 | AC26: ='معلومات الطلاب'!H26 -> 0
A27: ='معلومات الطلاب'!A27 -> 0 | B27: ='معلومات الطلاب'!B27 -> 0 | C27: ='معلومات الطلاب'!D27 -> 0 | D27: ='معلومات الطلاب'!E27 -> 0 | E27: ='معلومات الطلاب'!F27 -> 0 | AC27: ='معلومات الطلاب'!H27 -> 0
AC28: ='معلومات الطلاب'!H28 -> 0
AC29: ='معلومات الطلاب'!H29 -> 0
AC30: ='معلومات الطلاب'!H30 -> 0
AC31: ='معلومات الطلاب'!H31 -> 0
AC32: ='معلومات الطلاب'!H32 -> 0
AC33: ='معلومات الطلاب'!H33 -> 0
AC34: ='معلومات الطلاب'!H34 -> 0
AC35: ='معلومات الطلاب'!H35 -> 0
AC36: ='معلومات الطلاب'!H36 -> 0
AC37: ='معلومات الطلاب'!H37 -> 0
AC38: ='معلومات الطلاب'!H38 -> 0
AC39: ='معلومات الطلاب'!H39 -> 0
... AC411: ='معلومات الطلاب'!H411 -> 0

Sheet ورقة1
I7: ='[1]الفصل الدراسي الاول'!A5 -> #REF!
