Workbook

Sheet Data
A1: Student | B1: Grade | C1: Class | D1: Subject | E1: Teacher | F1: Year | G1: Term | H1: TestType | I1: TotalScore | J1: StudentScore | K1: النسبة المئوية | L1: التقديرات
A2: سارة أحمد | B2: 5 | C2: 1 | D2: رياضيات | E2: نورة | F2: 2025 | G2: الفصل الأول | H2: قبلي | I2: 20 | J2: 15 | K2: =J2/I2 -> 0.75 | L2: =IF(K2>=0.9,"ممتاز",IF(K2>=0.8,"جيد جداً",IF(K2>=0.7,"جيد",IF(K2>=0.6,"مقبول","ضعيف")))) -> جيد
A3: سارة أحمد | B3: 5 | C3: 1 | D3: رياضيات | E3: نورة | F3: 2025 | G3: الفصل الأول | H3: بعدي | I3: 20 | J3: 19 | K3: =J3/I3 -> 0.95 | L3: =IF(K3>=0.9,"ممتاز",IF(K3>=0.8,"جيد جداً",IF(K3>=0.7,"جيد",IF(K3>=0.6,"مقبول","ضعيف")))) -> ممتاز
A4: سارة أحمد | B4: 5 | C4: 1 | D4: رياضيات | E4: نورة | F4: 2025 | G4: الفصل الثاني | H4: قبلي | I4: 20 | J4: 17 | K4: =J4/I4 -> 0.85 | L4: =IF(K4>=0.9,"ممتاز",IF(K4>=0.8,"جيد جداً",IF(K4>=0.7,"جيد",IF(K4>=0.6,"مقبول","ضعيف")))) -> جيد جداً
A5: سارة أحمد | B5: 5 | C5: 1 | D5: رياضيات | E5: نورة | F5: 2025 | G5: الفصل الثاني | H5: بعدي | I5: 20 | J5: 20 | K5: =J5/I5 -> 1 | L5: =IF(K5>=0.9,"ممتاز",IF(K5>=0.8,"جيد جداً",IF(K5>=0.7,"جيد",IF(K5>=0.6,"مقبول","ضعيف")))) -> ممتاز
A6: منى خالد | B6: 5 | C6: 1 | D6: رياضيات | E6: نورة | F6: 2025 | G6: الفصل الأول | H6: قبلي | I6: 20 | J6: 14 | K6: =J6/I6 -> 0.7 | L6: =IF(K6>=0.9,"ممتاز",IF(K6>=0.8,"جيد جداً",IF(K6>=0.7,"جيد",IF(K6>=0.6,"مقبول","ضعيف")))) -> جيد
A7: منى خالد | B7: 5 | C7: 1 | D7: رياضيات | E7: نورة | F7: 2025 | G7: الفصل الأول | H7: بعدي | I7: 20 | J7: 18 | K7: =J7/I7 -> 0.9 | L7: =IF(K7>=0.9,"ممتاز",IF(K7>=0.8,"جيد جداً",IF(K7>=0.7,"جيد",IF(K7>=0.6,"مقبول","ضعيف")))) -> ممتاز
A8: ليلى سعد | B8: 5 | C8: 2 | D8: علوم | E8: فاطمة | F8: 2025 | G8: الفصل الأول | H8: قبلي | I8: 30 | J8: 22 | K8: =J8/I8 -> 0.73333333 | L8: =IF(K8>=0.9,"ممتاز",IF(K8>=0.8,"جيد جداً",IF(K8>=0.7,"جيد",IF(K8>=0.6,"مقبول","ضعيف")))) -> جيد

Sheet Dashboard
K2: =IF(I2/H2>=0.9,"ممتاز",IF(I2/H2>=0.8,"جيد جداً",IF(I2/H2>=0.7,"جيد",IF(I2/H2>=0.6,"مقبول","ضعيف")))) -> #DIV/0!
B4: =COUNTA(Data!A2:A100) -> 7
B5: =AVERAGE(Data!I2:I100) -> 21.428571
B6: =MAX(Data!I2:I100) -> 30
B7: =MIN(Data!I2:I100) -> 20
B8: =COUNTIF(Data!I2:I100,">=50")/COUNTA(Data!I2:I100) -> 0
B9: =IF(B5>=90,"ممتاز",IF(B5>=80,"جيد جداً",IF(B5>=70,"جيد",IF(B5>=60,"مقبول","ضعيف")))) -> ضعيف

Sheet StudentReport
A1: Class | B1: (الكل)
A2: Term | B2: (الكل)
A3: TestType | B3: (الكل)
A4: Year | B4: (الكل)
A5: Subject | B5: (الكل)
A7: تسميات الصفوف | B7: متوسط من النسبة المئوية
A8: سارة أحمد | B8: 0.8875
A9: ليلى سعد | B9: 0.73333333
A10: منى خالد | B10: 0.8
A11: (فارغ)
A12: الإجمالي الكلي | B12: 0.84047619

Sheet Improvement

Sheet SkillsAnalysis
